First Name,Last Name,State,City,ZIP,Date Created,Worked
Megan,Chang,Nebraska,West Tammyfort,53576,2022-07-31,False
Tammy,Howard,Indiana,West Donald,12930,2022-02-17,True
Vanessa,Patel,Virginia,West Corey,10166,2022-10-22,False
Thomas,Garcia,Nevada,Cherylborough,72921,2024-01-22,True
Scott,Boyd,Arkansas,North Jenniferfurt,93595,2020-01-04,False
Cheryl,Clayton,Michigan,Lake Mark,08756,2021-08-16,False
Sally,,,Davismouth,,2024-02-29,
Daniel,Arnold,Virginia,New Marvinside,27135,2024-08-27,False
Briana,Wallace,Rhode Island,Stewartbury,38555,2021-07-25,False
Jaime,Lopez,South Carolina,Thomasland,89462,2021-02-08,False
Nancy,Mclean,Colorado,Masseyhaven,36628,2024-06-09,True
Lisa,Atkinson,Utah,Rileymouth,65074,2023-01-15,True
Christopher,Salazar,New York,Meganbury,02625,2022-04-22,True
Dave,Robinson,Hawaii,Ronaldton,13687,2021-03-30,False
Melissa,Robinson,Oregon,North Davidborough,79974,2021-01-06,False
Peter,Wood,Delaware,New Andrewburgh,94625,2021-01-19,False
Timothy,Acosta,do,New Ronaldville,34569,2020-08-05,True
Charles,Turner,Nevada,North William,05662,2020-11-09,True
Holly,Myers,Kentucky,Rebeccafort,75181,2021-06-10,True
Heidi,Harris,Wyoming,Port Ericaburgh,45368,2024-07-03,False
John,,,North Thomas,54228,2024-04-29,
Samantha,,,Erictown,,,False
Matthew,Williams,Louisiana,East Kathleen,63655,2022-12-30,True
Chelsea,Nunez,Pennsylvania,Lake Kyle,98606,2023-07-11,False
Maria,Miller,Rhode Island,Lake Matthew,31881,2021-11-24,False
Dana,Gray,Utah,Johnsonshire,55318,2020-05-25,False
Gabriel,Brown,,,,2020-01-01,
Nicole,Simpson,Maryland,Williamschester,25142,2020-09-16,False
Mary,,,,,,True
Jason,Love,Alabama,East Davidborough,40139,2022-05-19,True
Haley,White,New Mexico,Burtontown,36508,2023-11-08,False
Lauren,Wilson,Kentucky,Lake Abigail,85800,2022-12-14,True
Darin,Moore,Alaska,North Jamieview,73685,2022-09-04,False
Stacey,Mays,Arizona,Josephmouth,84405,2023-09-14,False
Nathan,Medina,Indiana,Matthewstown,18648,2021-04-14,True
Joseph,Morgan,Mississippi,West Kimberlyton,05901,2022-04-17,False
Frank,Holden,Maine,Ralphside,17493,2022-06-30,True
Danny,Cross,Arkansas,Haydenhaven,96008,2020-08-08,True
,Houston,Maryland,,,,
Matthew,Yates,Michigan,South Darrenfort,56407,2020-04-27,False
Kevin,Navarro,Georgia,Lake Anne,84240,2020-09-27,
Cameron,Miller,West Virginia,North Paul,13356,2023-05-08,False
Angela,Roberts,New York,South Christopher,29354,2047-05-01,True
Ryan,Howard,California,New Shannonborough,16086,2024-03-24,False
Raymond,Clark,Arizona,New Dustin,26449,2023-11-25,False
Nicholas,Payne,Georgia,New Tonyaberg,74413,2023-06-15,True
Danielle,Henderson,North Dakota,Sheltonmouth,65832,2024-03-29,True
Cynthia,Baxter,Ohio,North Matthew,98416,2022-09-15,
Lisa,Johnson,Georgia,Carrieberg,50177,2022-07-03,True
Jennifer,Roman,California,New Mistyton,09198,2021-11-30,False
David,Turner,Wisconsin,Riveraburgh,20007,2023-12-02,True
Tanya,Wagner,North Dakota,New Christopherhaven,99833,2020-08-25,False
Julie,Bullock,Indiana,Amandachester,63705,2023-04-22,False
,Hall,Alaska,Lake Hunterhaven,,,
Marvin,Snyder,Kentucky,Kendrafurt,50790,2020-07-12,False
Frank,Walls,Kansas,Jessicamouth,07779,2020-04-21,True
Timothy,Thomas,Rhode Island,Lake Hollystad,54389,2020-04-19,True
,Hughes,,South Kimberlytown,,,False
Crystal,Garcia,Oklahoma,Jamesfort,15049,2020-07-05,False
Chelsea,Mcdonald,South Dakota,Debraport,17161,2023-04-19,True
Lauren,Stark,Utah,New Michelleborough,05505,2023-05-02,False
Sean,Sherman,mention,Kristineland,06352,2020-05-04,True
Jonathan,Johnson,North Dakota,East Clayton,82739,2024-04-09,False
Holly,Fisher,Maryland,East Ronaldshire,55820,2020-09-18,True
Shari,Perry,Connecticut,Ayalatown,59053,2023-09-01,True
Gina,,Massachusetts,,16410,2023-01-21,True
Heather,Reed,Idaho,,09743,,False
Jared,Harris,Utah,Lake Adrianstad,90870,2020-03-17,True
Sarah,Hall,Georgia,South Daniel,45648,2022-03-13,True
David,Levy,Mississippi,Thomasport,39343,2022-10-12,True
Jack,Kaiser,Connecticut,Ericberg,16915,2021-11-23,False
Leslie,Sanchez,Wisconsin,West Nathan,87427,2020-05-23,True
Michelle,Burke,Montana,Lake Charleschester,39742,2023-07-18,False
Joyce,Thomas,Nevada,Danaland,33014,2023-10-13,True
Cynthia,Walsh,North Dakota,South Rickychester,95945,2022-09-23,True
Scott,,,,,2021-04-23,True
Laura,Griffin,Montana,Port Robert,23404,2022-02-09,False
Susan,,,West Steven,84033,,
Timothy,Harris,Alabama,Montgomerytown,29170,2040-03-27,False
Kayla,Fuller,Ohio,South Jasmine,62292,2020-10-14,True
Erika,Wolf,Iowa,Ramireztown,16338,2022-04-19,True
Nicole,Williams,Kentucky,Foxshire,93557,2023-05-16,False
Sean,Francis,Minnesota,Monicaborough,78542,2020-09-21,True
Austin,Sparks,Maryland,Davidbury,21938,2081-02-12,True
Michelle,Campbell,Florida,New Daniel,83678,2024-08-15,True
Richard,Osborne,Louisiana,Scottshire,82920,2021-03-04,True
Eric,Terry,Missouri,Garzaberg,73850,2022-07-17,True
Michael,Kennedy,Nebraska,South Tracy,66242,2022-09-15,False
Trevor,,New Hampshire,Douglasfort,,2021-11-01,False
Anthony,Ruiz,Alabama,Lake Michellefurt,01342,2023-01-27,False
Blake,Oliver,Louisiana,Jessicabury,18940,2022-06-13,False
James,Hamilton,Virginia,Patrickmouth,55775,2023-09-14,True
Earl,Fitzpatrick,Georgia,Davidburgh,58713,2022-12-20,True
Kristina,Price,New York,Blairborough,58077,2021-09-26,True
Brenda,Williams,Missouri,East Cynthiaburgh,48160,2020-06-26,True
Julia,Byrd,Iowa,Cheyennehaven,99000,2022-06-02,True
Kelsey,Andrade,Nebraska,,87746,2024-08-27,
Sarah,,Pennsylvania,Henryfort,28736,2022-11-13,
Joseph,Williams,Hawaii,Adamtown,18904,2020-07-16,True
Kristin,Becker,Rhode Island,Grantbury,59968,2021-08-22,True
Matthew,Garcia,Colorado,Marcusmouth,43118,2022-03-04,True
Anthony,Williams,Mississippi,East Mollystad,25114,2021-09-18,False
John,Daniel,Maryland,Zacharyfurt,33877,2024-02-06,False
Maurice,Marquez,Arizona,Sarahland,01707,2023-12-03,True
Tyler,Kim,Nebraska,Stevensville,11722,2020-09-10,False
John,Mckenzie,Georgia,Hensonborough,58256,2020-08-27,False
Lisa,Hansen,Montana,East Johnbury,17289,2022-05-16,False
Sarah,Flores,Nevada,New Rachelside,26870,2022-07-10,True
Kimberly,Palmer,New Jersey,Josephtown,16063,2020-11-03,True
Gerald,Perry,Indiana,Nicholetown,97746,2024-07-21,True
Zachary,Trevino,Delaware,Brewerville,97138,2023-01-20,False
Jerome,Moran,food,Jeffreybury,08992,2024-05-28,True
Emily,,,Mitchellburgh,,2020-02-18,
Angela,Murphy,Pennsylvania,Port Davidfurt,20849,2021-07-03,True
William,Jones,Wisconsin,Port Rose,65609,2021-10-25,True
Joe,Anderson,Iowa,Gomezshire,17873,2024-03-28,
Rachel,Rodriguez,Alaska,Tracyport,02157,2021-11-14,True
Angela,Martin,New York,Payneland,34469,2021-03-03,False
Cassandra,Warner,Massachusetts,Patrickton,27850,2020-04-28,False
Leslie,Burgess,Kansas,Michellebury,34593,2022-12-05,True
Emily,Torres,Minnesota,Lake Crystalstad,03382,2024-03-05,True
Courtney,Johnson,Arizona,East Soniamouth,09223,2020-07-12,True
Michael,Beck,Florida,South Ryan,47429,2022-08-27,True
Gregory,Murphy,West Virginia,Reyeschester,35070,2024-07-16,True
Amanda,Fitzgerald,Utah,Maloneshire,16569,2023-06-24,False
Stephanie,Jackson,North Carolina,New Misty,67863,2021-04-05,True
Christopher,Young,Idaho,North Sue,22631,2021-06-06,True
Jennifer,Simmons,Rhode Island,New Courtneyberg,81102,2020-05-04,False
Johnny,Shaffer,Washington,Johnsonton,65557,2020-10-05,False
Michael,Powers,New Jersey,New Michael,96904,2023-06-11,True
Matthew,Pratt,already,West Alyssaport,72649,2023-12-27,True
Kendra,Duncan,Kentucky,South Randallville,53425,2022-12-12,True
Tyler,Smith,West Virginia,West Erinshire,92606,2022-06-19,False
Wanda,Gill,Wisconsin,Paulview,27891,2020-12-26,False
Ashlee,Rivera,Kansas,Franciscoberg,43841,2020-01-29,True
Brenda,Williams,Georgia,Michaelport,42837,2024-03-17,True
Kirsten,Burke,Hawaii,Port Donaldton,58420,2021-01-25,False
Matthew,Smith,Washington,Browningview,98448,2021-08-06,True
Chad,Boyle,Louisiana,New Geoffrey,86859,2021-05-04,False
Bethany,David,South Dakota,Fischerview,41316,2022-06-04,False
Alexander,Osborne,Virginia,Sophiaside,69610,2022-09-14,True
Veronica,Lee,Nevada,Port Adam,67523,2021-04-27,True
Kristen,Miles,Oregon,Wardton,74110,2023-07-02,False
Dana,Lindsey,Wisconsin,,21278,,False
Crystal,Burton,New York,Lake Jillshire,32230,2022-05-02,False
Jacob,Chang,Nebraska,New Shanemouth,67203,2020-11-07,True
Susan,Martin,California,Waltersview,33621,2023-09-20,False
Nicole,Ayala,South Carolina,Christophertown,65056,2020-02-04,True
Kathryn,Harris,Montana,Grahamfurt,91871,2020-04-29,False
,,,New Jennifer,,,False
Raymond,Mccall,Florida,North Ashleestad,47820,2020-01-14,True
Chad,Love,Texas,Williamstown,41762,2023-05-04,False
Rebecca,Joyce,Wisconsin,Richardberg,78575,2021-04-03,True
Richard,Torres,Arkansas,East Patricia,63532,2095-05-18,False
Bradley,Peters,West Virginia,Herringstad,77293,2020-09-14,True
Christopher,Thompson,Kentucky,Port Jose,92304,2022-02-27,False
Kimberly,Holmes,,,,,
Benjamin,Richards,Tennessee,Port Leslieland,25783,2023-11-19,False
Cheryl,Burnett,North Dakota,Lake Matthew,86380,2021-02-23,True
Thomas,Peters,Ohio,Port Zacharytown,10985,2020-11-19,True
Ronald,Gomez,century,Marthahaven,47956,2021-01-04,True
Logan,Johnson,Washington,North Matthew,80124,2021-08-23,False
Bradley,Brewer,Vermont,Lauraton,79203,2021-06-06,True
Michael,Conley,California,Brownstad,79687,2022-03-05,
Emily,Hart,New Jersey,Whitemouth,35123,2021-08-14,True
Stacy,Brown,Connecticut,North Michaelburgh,53423,2020-02-12,False
Marcus,Gibbs,West Virginia,Alvarezton,70704,2023-06-02,False
Krystal,Garrison,Kentucky,Lake Zacharyland,44228,2023-01-18,True
Stephanie,Ruiz,Arizona,New Connie,38129,2020-04-24,True
Aaron,Morgan,Oklahoma,East Greg,21338,2022-01-23,True
Sherry,Villa,Michigan,South Susanfurt,06290,2021-12-04,True
John,Campbell,Hawaii,West Jeremy,55649,2023-12-09,True
,,,East Sarahtown,,2023-04-26,False
Jennifer,Jackson,Georgia,North Madisonhaven,00985,2020-04-28,False
Brandon,Frost,Oregon,Port Eric,50291,2020-03-23,True
Robert,Bradley,Utah,Jenniferberg,48214,2024-05-04,False
Jay,Morales,Florida,Knightstad,13156,2023-09-02,False
Paula,Sanchez,Missouri,South John,63570,2023-05-18,False
Samantha,Jones,Kentucky,Nicolestad,71586,2020-03-08,True
Cassandra,Chan,Kansas,Billymouth,51720,2020-11-27,False
Amanda,Phelps,Georgia,Johnsonchester,96314,2023-05-06,False
Ryan,Garcia,New Jersey,Martinmouth,62676,2023-07-01,False
Erik,Sellers,Maine,West Michaelstad,62455,2024-05-30,False
Karen,Gonzalez,Kentucky,Lake Brandy,39303,2023-03-26,False
Cynthia,Carter,Nevada,Lake Robertfurt,95905,2021-10-08,False
Michael,Anderson,South Carolina,Gabrielchester,76089,2023-05-22,False
Steven,May,Virginia,Port Ronaldside,18628,2021-06-09,False
Eric,Martin,Alaska,Port Trevor,82204,2022-06-13,True
Jennifer,Rogers,Delaware,Ayalaview,21252,2022-11-30,False
Courtney,Schmitt,Ohio,South Tracey,97989,2022-08-06,False
Jimmy,Melendez,Missouri,Peterfort,67550,2022-08-09,True
Tami,Forbes,Connecticut,East Adam,78550,2024-05-25,False
Daniel,Maxwell,Vermont,New Dawn,67800,2020-12-11,True
Joseph,Dennis,Hawaii,Millerton,01875,2020-12-24,True
Patricia,Roth,New Mexico,Danielmouth,48878,2022-02-27,True
Elizabeth,Burnett,,,,,False
Samantha,Jackson,Tennessee,New Robert,87093,2021-10-08,True
Samuel,Sutton,Kentucky,New Dennisfurt,22958,2023-10-02,False
Annette,Hendricks,Colorado,Cookhaven,60207,2020-05-01,True
Timothy,Garcia,North Carolina,Piercefurt,62455,2022-04-04,True
Herbert,Weaver,Hawaii,Melissaberg,60390,2020-08-01,False
Sydney,Mendoza,Oregon,Hawkinsview,63715,2021-12-14,True
Lisa,Phillips,Mississippi,East Dominiqueton,87735,2021-03-01,True
Brenda,Gonzalez,Arizona,Grantfort,94101,2020-11-28,False
Sarah,Hansen,Wyoming,Moniquetown,32179,2021-12-05,False
Tyler,Joyce,Louisiana,North Tyler,67213,2022-11-25,False
Christopher,Torres,Nevada,Lake Michael,50460,2021-03-27,False
Jesse,Boyle,West Virginia,Kellerstad,37581,2023-04-09,False
Cheryl,Guerra,Delaware,Kellyfort,30470,2023-03-07,True
Crystal,Howard,Louisiana,Teresaport,14301,2024-01-30,True
Rebecca,Martinez,Georgia,Sarahburgh,44815,2024-03-31,True
Jeremy,Becker,Missouri,Palmershire,81515,2021-11-16,True
Emma,Shaw,New York,West April,00716,2020-10-12,True
Thomas,Long,Iowa,Joyceshire,05801,2023-06-16,False
Clayton,Gonzalez,Massachusetts,North Henry,92074,2023-02-05,False
Anthony,Benton,Alabama,Nicholsberg,15769,2021-09-11,True
Christopher,Owens,Alabama,Jonesburgh,31211,2021-12-06,False
Sarah,Reyes,air,Clarkton,81210,2022-04-16,False
Brandi,Padilla,Michigan,Davidsonhaven,12566,2022-02-21,False
Sierra,Espinoza,Louisiana,Lake Donaldberg,50165,2021-10-05,False
Ashley,Keller,Illinois,Romeroville,73848,2020-11-23,True
Heather,Wells,North Carolina,Harrisonmouth,72298,2022-11-21,False
David,Scott,Colorado,Loribury,59981,2022-02-10,False
Michael,Rowe,Nebraska,South Jennifertown,72913,2023-06-11,True
Susan,Rowe,Iowa,Allenfort,62772,2021-03-14,False
Jeremy,Campbell,Tennessee,Greeneberg,68970,2020-09-29,False
Jacob,Cantu,South Dakota,North Ericton,44336,2021-05-13,True
Katie,Mcdonald,Utah,South Tyler,22457,2023-04-29,False
Brandon,Vaughan,Wyoming,Pamhaven,25095,2022-10-16,True
Isaac,Leblanc,Virginia,Hernandezfort,87428,2021-10-24,True
Carly,Johnson,New York,Angelaborough,00568,2020-05-15,False
Bryan,Sanchez,Utah,Lake Gabrielle,99754,2024-05-21,False
Ronald,Brewer,Maine,,21893,,False
Angela,Kelly,New Hampshire,Gonzalesmouth,61917,2020-07-28,True
Dwayne,Webster,Wisconsin,South Stephanie,93267,2024-08-06,False
Jason,Richardson,Arizona,South Jaredchester,77240,2023-07-02,True
Amber,Schultz,Texas,New Dawn,64688,2022-08-16,True
Omar,Medina,Colorado,Goodwinborough,55465,2023-01-23,True
Larry,Mcgee,Wyoming,New Tammy,04156,2024-05-11,False
,Owens,Delaware,Ramirezbury,,,True
Julie,Pennington,Iowa,Selenaton,20789,2022-09-07,True
Courtney,Elliott,California,Grahamfurt,96073,2020-03-16,True
,Lawson,,,56831,,
,Nelson,Missouri,,,,False
Amber,Morgan,Oklahoma,East Rebeccatown,84014,2022-03-12,True
Martin,Cooper,Connecticut,Mosesland,33468,2020-11-19,True
Abigail,Callahan,Pennsylvania,South Austin,29781,2022-12-15,True
Colin,Huff,Indiana,Lake Elizabeth,30667,2023-05-24,True
James,Hale,New Hampshire,Ericstad,72233,2021-09-15,True
Jason,Clayton,Florida,Anntown,11416,2022-10-16,False
Kyle,Mccarthy,Massachusetts,North Cherylport,15529,2021-06-01,False
Jennifer,Werner,,Michelleland,54845,2024-04-10,True
,,Colorado,Barajasburgh,,,
Courtney,Nunez,Maine,North Maryview,10485,2022-08-30,True
Logan,Kelley,Maine,Port Jeanettehaven,18853,2022-03-17,True
Carla,Hartman,Nebraska,Brandiview,41493,2024-07-13,False
Tracy,Cole,Delaware,Brookshaven,07222,2021-12-18,True
Jasmin,Woods,Alaska,North Kyle,24437,2021-02-03,True
Susan,Smith,Wisconsin,Aliciaville,69619,2022-02-04,True
Vincent,Adams,Nevada,Terryton,22027,2024-06-16,False
Michael,Wright,Iowa,Kristinaburgh,72810,2022-02-16,False
Amy,White,Washington,Schaeferburgh,32397,2021-02-04,False
Nicole,Perkins,Hawaii,New Vanessa,39742,2020-03-06,False
Jennifer,Tyler,Illinois,South Garyhaven,51344,2021-10-22,False
Paul,Fox,Connecticut,Port Christopher,02028,2020-09-10,False
Alex,Burgess,Kansas,Coleview,54561,2022-12-08,True
Dorothy,Scott,California,New John,28012,2020-05-20,True
Kathleen,Brown,California,Wrightberg,79120,2024-05-02,False
Keith,George,Minnesota,Michaelport,66266,2022-02-26,True
Dennis,Mendoza,Washington,New Randy,62567,2022-07-25,True
Scott,Alvarez,Maine,Michaelfurt,52387,2023-05-31,True
Heather,Mason,Utah,East Ryan,35255,2024-05-17,False
Gary,Taylor,Rhode Island,Starkview,57310,2022-07-26,True
Stephen,Santos,Arkansas,West Stephen,09515,2020-02-26,True
James,Garcia,Kentucky,Port Morganburgh,81523,2021-06-23,False
Rebecca,Stanley,South Carolina,Alberttown,03207,2021-06-04,False
Marie,Collins,Kansas,Morrowstad,46994,2020-09-29,True
Brandi,Casey,Vermont,Port Geraldside,36223,2023-01-01,True
Joanna,Harrell,Missouri,West Jack,23938,2024-03-21,True
Dominique,Carr,North Carolina,Willisbury,00861,2020-06-17,False
Ryan,Munoz,Tennessee,New Christopher,41173,2022-10-27,False
Cynthia,Sims,South Carolina,Lake Bryan,18611,2022-09-09,False
Tiffany,Sandoval,Louisiana,Rowlandmouth,35834,2020-08-30,False
Stephen,Fischer,Connecticut,Angelicafurt,80193,2023-10-23,True
Robert,Moore,Nebraska,Lake Diane,15236,2020-12-12,True
Mary,Francis,New Mexico,Glendaville,90229,2023-08-15,False
Jose,Glover,South Dakota,Williamside,10296,2020-01-26,False
Blake,Smith,Wyoming,North Ricky,63590,2020-03-25,False
Lawrence,Weiss,Colorado,Schneiderbury,06885,2021-10-12,True
Robert,Gillespie,Alaska,New Kimberlyberg,73936,2022-07-12,False
Richard,Mcclain,Ohio,Lake Maryside,19559,2021-01-29,True
Dawn,Chapman,Hawaii,New Terrenceview,33624,2021-10-19,True
Richard,Smith,South Dakota,New Kimland,01845,2022-06-03,True
,Thomas,,North Stephanie,01343,2022-10-01,True
Mary,Rivera,Wisconsin,North Nathanview,59622,2022-10-27,True
Faith,Ruiz,North Dakota,North Lesliefurt,53362,2024-08-11,False
Timothy,Simmons,California,East Dawn,67536,2022-08-31,False
Eddie,Jones,Georgia,South Deannaville,87566,2020-07-30,False
Alice,Cunningham,Minnesota,Moralesmouth,98009,2023-12-21,False
,Hall,North Carolina,Lake Patrickstad,45362,,True
Adam,Andrews,New Mexico,West Ryanbury,72033,2020-03-16,True
April,Rodriguez,Arizona,Bernardstad,24070,2022-11-25,False
Joseph,Webb,Nebraska,Port Deborahbury,86268,2024-01-23,True
Julia,Eaton,Utah,North Kathleen,63446,2024-06-21,False
Donna,Hebert,Missouri,Gailshire,63899,2021-10-23,True
Robin,Mann,South Carolina,New Scott,76311,2022-10-15,True
Tiffany,Bradley,South Dakota,New Russell,31594,2023-02-19,True
Parker,Allen,Kentucky,New Brenda,49268,2023-11-16,True
John,Morgan,not,West John,34147,2021-06-21,False
Janet,Carlson,New Hampshire,Harrisburgh,79186,2023-01-17,False
Catherine,Mckinney,Colorado,Conwayport,51577,2094-04-23,True
,Anthony,,,79657,,
Melanie,Ellis,Kentucky,Haleychester,41681,2023-04-12,False
Brian,Melendez,Arkansas,Tonyaview,81108,2023-09-23,True
Kyle,Nolan,New Mexico,Jeffreyland,95684,2020-09-06,False
Wendy,Tyler,Colorado,Port Donnahaven,43876,2020-10-24,True
Rachel,Young,Arizona,Port Sarahport,12491,2023-05-01,True
Jennifer,,,,24579,2021-12-03,
Derrick,Liu,Kentucky,Kramerberg,96763,2022-04-22,False
James,Taylor,Texas,Dicksonburgh,26567,2020-02-23,True
Michael,Barrett,Utah,Port Lisa,36002,2062-09-01,False
,Doyle,,Port Jamie,76192,,
Robert,Thomas,Ohio,New Lucasbury,88294,2021-06-25,True
Stephen,Beck,New Hampshire,Lake Dana,36590,2021-08-09,True
Craig,Henry,Minnesota,Jefferyside,51942,2020-07-22,False
Gregory,Wilson,Pennsylvania,New Melissamouth,19399,2023-08-05,False
Jose,Gross,Illinois,Lake Casey,58237,2022-10-13,False
Nicholas,Williams,Missouri,Dunnside,75111,2021-04-17,True
Diana,Torres,New Hampshire,Clarkborough,51806,2020-09-29,True
Connor,Morales,North Carolina,Curryburgh,,2021-09-18,
Jesse,Davis,Missouri,Jonesside,28369,2024-06-21,True
James,Vasquez,Illinois,New Davidborough,72621,2024-06-02,True
Danielle,Reynolds,Montana,Emilyfort,84393,2020-03-30,False
Michael,Baird,Indiana,East Scotthaven,89906,2021-10-20,True
Margaret,Thomas,New Jersey,Davisview,85561,2022-06-20,True
Philip,Rojas,Texas,Natalieland,81016,2021-01-21,True
,,,East Michellechester,,,False
Todd,Thomas,South Dakota,Jocelynberg,15673,2024-04-26,False
Marc,Vega,California,Rebeccaborough,26745,2022-07-06,True
Adrienne,Coleman,Washington,Fosterberg,58287,2020-08-27,False
Keith,Stanley,North Dakota,Port Carrie,46366,2021-04-27,False
Brenda,Walter,Nevada,Joyceville,21181,2021-03-08,False
Scott,Sweeney,Nevada,Port Benjamin,98812,2023-12-31,True
Ashley,Fleming,Tennessee,North Troyhaven,06101,2020-04-03,True
Michelle,Sutton,Pennsylvania,South Lorraineshire,34167,2023-03-15,True
Francisco,Garrett,Utah,South Debra,82820,2022-01-25,True
Alexander,Thomas,Rhode Island,Port Dana,20731,2021-07-04,True
Carlos,Ramirez,Louisiana,Rayview,76302,2023-07-28,False
Victoria,,Georgia,Brownmouth,33785,,False
Peter,Johnson,Maine,East Kimberly,78168,2021-03-23,True
John,Mills,New Hampshire,Territown,33332,2023-07-31,False
Belinda,Kelley,Florida,Jenniferside,51388,2021-09-14,True
Kenneth,Wallace,South Dakota,Joelview,40645,2020-09-20,True
Micheal,Cole,Missouri,Williamsport,67399,2023-08-09,True
Taylor,Cameron,West Virginia,East Mary,35469,2020-11-28,False
Mary,,Illinois,Beardview,68053,,False
David,Jimenez,Idaho,,,,
Ryan,Morris,Washington,West Robert,17214,2021-01-20,False
John,Juarez,New Mexico,Thompsonstad,56558,2023-09-17,True
,,Colorado,,,,
Diamond,Young,South Dakota,South Brianport,79246,2021-06-13,True
Kevin,Rose,Oklahoma,Aaronberg,00700,2020-10-16,True
Matthew,Morgan,Illinois,West Nicole,75408,2023-12-03,False
Jose,Jackson,New Hampshire,Smithtown,14543,2022-10-21,True
Jenny,,,,71903,2032-12-13,
John,Copeland,Utah,South Gabriel,61481,2022-03-12,True
Rebecca,Benson,New Hampshire,New Nicholasville,13666,2022-08-20,False
Christopher,Mack,Indiana,Jenniferbury,61202,2074-09-30,False
Jacob,Bowman,Alabama,Wallerbury,37632,2022-12-13,True
William,Kennedy,Wisconsin,Gilmoreview,45666,2022-04-27,False
Kimberly,Lopez,Iowa,Morristown,49300,2024-01-13,True
Christy,,,,,,True
Lori,White,Missouri,Andreaton,64928,2023-07-10,True
Patricia,Conner,New Hampshire,Alexandershire,27243,2020-07-30,True
Tracy,Anderson,Colorado,Austinborough,10818,2023-08-22,False
Andrew,Woods,West Virginia,Jocelyntown,26411,2022-07-06,True
Marie,Camacho,Wyoming,Colehaven,92452,2022-05-30,True
Caleb,Williams,fear,Schneiderfurt,85041,2021-12-22,True
Todd,Morales,Alabama,Reidfort,20687,2023-05-24,True
Emily,Reynolds,Montana,Terrystad,40354,2023-07-24,True
Lisa,Willis,Wyoming,West Benjamin,58061,2023-10-01,True
Lance,Maldonado,Michigan,South Andrew,44915,2021-04-29,True
Isaac,Macdonald,California,East Sherryton,30494,2021-07-10,True
Alejandro,Meyer,Utah,Leonardburgh,38438,2023-05-17,False
Scott,Rubio,,,,,False
Thomas,Quinn,Washington,Kevinton,77305,2022-04-10,False
Martin,Murray,Arkansas,Jeffreymouth,83547,2022-08-19,True
Amy,Harris,California,Williamsland,48846,2020-01-22,False
Kenneth,Brown,Arizona,East Nancyburgh,62069,2020-09-09,True
Brenda,Smith,West Virginia,Port Craig,93430,2020-07-21,False
Cathy,Guerrero,Illinois,South Ryanville,62574,2023-10-16,False
Vanessa,Acosta,Hawaii,East Melissachester,67537,2021-02-07,False
Christopher,Hunter,Arizona,North Jessica,50064,2023-03-01,False
Allison,Nguyen,Vermont,Stoutbury,74686,2020-10-11,True
Elijah,Sullivan,Wyoming,Jillstad,66745,2023-03-06,True
Andrew,Smith,Kentucky,Lake Rebecca,24908,2020-12-25,False
Maria,Navarro,Texas,West Tammy,18700,2020-05-06,True
Gerald,Douglas,West Virginia,Jamesville,66256,2024-03-17,False
Duane,King,Illinois,New Emilybury,46719,2023-05-25,False
Kayla,Bernard,Wyoming,Grantton,84095,2022-10-28,False
Jesse,Johnson,Wisconsin,Medinaburgh,34833,2020-05-25,False
,,Colorado,Deborahtown,,,False
Jeremy,,Wyoming,West Mike,69154,2020-12-18,False
George,Gonzalez,Oregon,South Justinton,34324,2020-01-17,False
Anthony,Lawson,Michigan,South Jim,72411,2021-09-06,True
Robin,Johnson,Ohio,South Nancy,86775,2023-10-28,True
Brittany,Nixon,Minnesota,Davetown,55392,2023-02-03,False
Jacob,Booth,Iowa,Durantown,87914,2021-08-07,False
Christina,Snyder,Wisconsin,Martinchester,50475,2023-10-13,False
Margaret,Doyle,Tennessee,West Bryan,21246,2020-01-07,True
,Hinton,Idaho,,,2024-06-08,True
Rebecca,Fisher,Ohio,Henryville,33374,2022-09-06,False
Jonathan,Griffith,Missouri,South Sharonhaven,66315,2021-09-22,False
Robert,Simon,Wisconsin,Bowentown,54829,2020-09-23,True
Stephanie,Ramirez,Alaska,South Erikafurt,70431,2022-12-22,True
Andrea,Warren,Oklahoma,Laneshire,99429,2020-03-18,False
Catherine,Clark,Nevada,East Connormouth,82929,2021-02-03,True
Tonya,Crawford,New Hampshire,South Kimberly,33579,2024-03-06,True
Matthew,Warren,rate,West Sandraview,52122,2024-07-20,False
Paula,Davis,Florida,East Caleb,45060,2021-08-27,False
Bradley,Burns,California,East Courtneyshire,18245,2022-03-13,True
Christopher,Kelly,Florida,Durhamton,43733,2020-11-16,False
Nicole,Weber,Delaware,Dianeshire,48380,2021-07-14,False
Kaylee,Sandoval,New Mexico,Sullivanborough,12471,2023-07-21,True
Melissa,Acevedo,Nevada,Eatonberg,56758,2021-10-01,False
Kathleen,Fuller,Illinois,Charlesberg,61447,2022-09-26,True
Michael,Marsh,New Hampshire,Johnmouth,17219,2022-11-21,True
Linda,Crawford,Connecticut,Danielburgh,11967,2022-09-09,True
,,,,41092,,False
Melissa,Shields,Illinois,Danielleburgh,73609,2021-05-09,True
Thomas,Allen,Virginia,Peggyville,07184,2023-03-23,True
Julie,Myers,New York,Lake Donald,15317,2021-04-14,True
Crystal,Conley,Rhode Island,West Christophershire,13564,2021-11-04,False
Melissa,Yoder,Montana,New Shaun,35474,2022-11-15,False
Courtney,Lucas,Montana,Patriciaburgh,21713,2053-06-07,False
Dana,Montoya,Wyoming,Emmamouth,86832,2020-10-09,True
Martin,Coleman,Maryland,Lambberg,46263,2021-06-28,False
Victor,Noble,California,Port Scott,13546,2023-01-25,False
Karen,Martinez,Florida,East Christina,41717,2024-03-22,True
Michelle,Lawrence,South Dakota,Valenzuelaview,39297,2020-02-26,False
Cindy,Howell,Idaho,Jamesside,93448,2020-12-08,False
Larry,Thompson,Arkansas,Morenohaven,74094,2024-08-25,True
Jo,Bennett,Nebraska,Charlenemouth,,2022-10-24,True
Victoria,Thomas,Washington,Lake Timothyberg,00684,2020-09-18,False
Anna,Smith,Florida,North Manuelport,87990,2021-08-25,False
Katie,Leonard,Wisconsin,Lake Gregory,47666,2023-04-04,True
Valerie,Lynn,South Carolina,Paulaborough,51899,2020-05-03,True
Caitlyn,Walker,Alabama,Rojaschester,20616,2021-09-17,False
Bryan,Fields,Massachusetts,Nicolemouth,45360,2024-06-14,True
Robert,Rivera,Louisiana,Scottside,44027,2023-05-31,True
,,Wisconsin,,28557,,False
Karen,Powell,West Virginia,East Thomas,22889,2021-08-22,False
Christian,Huynh,North Carolina,New Melissa,87187,2024-02-15,True
David,Giles,Nevada,North Megan,07631,2024-05-21,False
Benjamin,Mclaughlin,Colorado,New Derrickshire,28008,2023-01-20,False
Michael,Davis,New York,West Ashley,68956,2021-09-23,False
Catherine,Gallagher,Oregon,Morrisonville,18895,2023-07-23,False
Mary,Davis,Illinois,East Sandy,35328,2022-05-06,False
Laura,Nguyen,New Hampshire,Amyland,52445,2020-02-05,False
,,,Sarashire,,2022-10-16,
Cameron,Franklin,Maryland,South Monica,08243,2022-12-07,True
Martin,Spence,Oklahoma,Sherrytown,81813,2021-05-11,False
Melissa,Navarro,Oregon,Erinmouth,91371,2020-07-29,True
,Fuentes,,,,,False
,,Maryland,,64621,,False
Adam,Nguyen,Georgia,Aguirreport,23884,2021-05-01,False
Christian,Hancock,North Carolina,Kaneside,84598,2021-03-06,True
Rebecca,Underwood,Michigan,Lake Sarah,47631,2021-06-07,True
Lisa,Davis,Delaware,South Veronica,94559,2021-08-17,True
Anthony,Vincent,Michigan,Michaelview,58556,2024-06-01,True
Kara,Rush,Maryland,Hamiltonbury,99716,2024-01-11,False
Alexis,Weiss,Washington,Rittermouth,28599,2022-12-19,True
Kelly,Martin,Washington,Jamesville,46703,2023-03-20,True
Eric,Cain,Virginia,Port Richard,87933,2020-08-29,False
Madeline,House,Nebraska,North Ericabury,70715,2054-01-17,False
Mario,Chavez,Oklahoma,Port Gavinburgh,79877,2020-05-30,False
Morgan,Kim,Kentucky,New Bruce,10104,2020-02-22,True
Deborah,Wheeler,Hawaii,Fischerborough,68787,2022-06-22,True
Bailey,Braun,Colorado,West Meghan,00608,2022-11-04,False
Diana,Kline,Iowa,Alexanderchester,46905,2020-08-08,False
Mark,Ramirez,Wyoming,Loriport,74436,2021-04-08,True
Michael,Cummings,Tennessee,Smithbury,56947,2023-12-15,False
Kelly,Smith,Vermont,Medinatown,88167,2020-05-15,False
Lauren,Anderson,Missouri,Lake Jeffrey,72328,2020-11-30,True
Anthony,Williams,Montana,Georgefurt,03948,2022-09-17,True
Crystal,Stone,North Carolina,Caitlinton,54921,2024-03-09,False
William,Mccoy,Illinois,Stephenburgh,74937,2021-09-04,False
Jason,,Maine,,19360,,True
Barbara,Perry,Arkansas,Salinasville,99692,2024-03-26,True
Francis,James,Iowa,Gillberg,73913,2023-10-06,True
Nicole,Barker,Mississippi,Lake Christinabury,28789,2024-05-12,False
Reginald,Walker,Washington,New Danielburgh,40259,2020-03-28,True
Luis,Anderson,South Dakota,New Robert,02231,2023-02-12,True
Devin,Robertson,Virginia,Estradaview,55126,2020-07-05,True
Karen,Lawrence,Illinois,Elizabethview,64998,2023-02-26,False
Mariah,Brown,Kentucky,West Justinmouth,30988,2022-01-19,False
Tiffany,Gonzalez,Utah,Martinezview,87637,2021-06-08,True
Tara,Reed,Montana,New Elizabethside,57349,2020-12-06,False
Jonathan,Fletcher,North Carolina,Jillville,66053,2023-08-04,True
Emily,Gomez,Georgia,West Jessicaport,23303,2024-02-19,True
